{"cameraMode":{"drawMode":0,"name":"Shaded","section":"Shading Mode"},"sceneLighting":true,"audioPlay":false,"sceneViewState":{"showFog":false,"showMaterialUpdate":false,"showSkybox":false,"showFlares":false,"showImageEffects":false,"showParticleSystems":false},"in2DMode":false,"pivot":{"x":21.28582763671875,"y":-8.92413330078125,"z":-0.10668545961380005},"rotation":{"x":-0.4451693892478943,"y":-0.5476040244102478,"z":0.4378734529018402,"w":-0.5569748878479004},"size":147.439208984375,"orthographic":false}