{"cameraMode":{"drawMode":0,"name":"Shaded","section":"Shading Mode"},"sceneLighting":false,"audioPlay":false,"sceneViewState":{"showFog":false,"showMaterialUpdate":false,"showSkybox":false,"showFlares":false,"showImageEffects":false,"showParticleSystems":false},"in2DMode":false,"pivot":{"x":-0.6552954912185669,"y":0.5099999904632568,"z":2.880000114440918},"rotation":{"x":0.07396925985813141,"y":-0.7398519515991211,"z":0.08245670795440674,"w":0.6635876893997192},"size":2.8578836917877199,"orthographic":false}