{"cameraMode":{"drawMode":0,"name":"Shaded","section":"Shading Mode"},"sceneLighting":false,"audioPlay":false,"sceneViewState":{"showFog":false,"showMaterialUpdate":false,"showSkybox":false,"showFlares":false,"showImageEffects":false,"showParticleSystems":false},"in2DMode":false,"pivot":{"x":-0.969064474105835,"y":0.8249837160110474,"z":5.007467746734619},"rotation":{"x":-0.4451693892478943,"y":-0.5476040244102478,"z":0.4378734529018402,"w":-0.5569748878479004},"size":7.764160633087158,"orthographic":false}