{"cameraMode":{"drawMode":0,"name":"Shaded","section":"Shading Mode"},"sceneLighting":false,"audioPlay":false,"sceneViewState":{"showFog":false,"showMaterialUpdate":false,"showSkybox":false,"showFlares":false,"showImageEffects":false,"showParticleSystems":false},"in2DMode":false,"pivot":{"x":0.0034869909286499025,"y":0.15224993228912354,"z":4.903939247131348},"rotation":{"x":-0.4451693892478943,"y":-0.5476040244102478,"z":0.4378734529018402,"w":-0.5569748878479004},"size":8.329339027404786,"orthographic":false}