{"cameraMode":{"drawMode":0,"name":"Shaded","section":"Shading Mode"},"sceneLighting":true,"audioPlay":false,"sceneViewState":{"showFog":false,"showMaterialUpdate":false,"showSkybox":false,"showFlares":false,"showImageEffects":false,"showParticleSystems":false},"in2DMode":false,"pivot":{"x":35.25791549682617,"y":22.302310943603517,"z":-18.655681610107423},"rotation":{"x":0.35170626640319826,"y":0.5242463946342468,"z":-0.25130313634872439,"w":0.7336997389793396},"size":31.63355255126953,"orthographic":false}