{"cameraMode":{"drawMode":0,"name":"Shaded","section":"Shading Mode"},"sceneLighting":true,"audioPlay":false,"sceneViewState":{"showFog":false,"showMaterialUpdate":false,"showSkybox":false,"showFlares":false,"showImageEffects":false,"showParticleSystems":false},"in2DMode":false,"pivot":{"x":4.972282409667969,"y":-4.271915435791016,"z":9.331371307373047},"rotation":{"x":0.3396320641040802,"y":0.6517392992973328,"z":-0.40952274203300478,"w":0.5405341982841492},"size":57.29143142700195,"orthographic":false}