{"cameraMode":{"drawMode":0,"name":"Shaded","section":"Shading Mode"},"sceneLighting":false,"audioPlay":false,"sceneViewState":{"showFog":false,"showMaterialUpdate":false,"showSkybox":false,"showFlares":false,"showImageEffects":false,"showParticleSystems":false},"in2DMode":false,"pivot":{"x":0.028499484062194825,"y":0.7208682298660278,"z":-4.342499732971191},"rotation":{"x":0.053054358810186389,"y":-0.6070051789283752,"z":0.0406678281724453,"w":0.7918813228607178},"size":10.549402236938477,"orthographic":false}