{"cameraMode":{"drawMode":0,"name":"Shaded","section":"Shading Mode"},"sceneLighting":true,"audioPlay":false,"sceneViewState":{"showFog":false,"showMaterialUpdate":false,"showSkybox":false,"showFlares":false,"showImageEffects":false,"showParticleSystems":false},"in2DMode":false,"pivot":{"x":71.22431945800781,"y":-5.635334014892578,"z":-23.226749420166017},"rotation":{"x":-0.12762966752052308,"y":0.8637742400169373,"z":-0.4038987159729004,"w":-0.2728930711746216},"size":29.78485107421875,"orthographic":false}