{"cameraMode":{"drawMode":0,"name":"Shaded","section":"Shading Mode"},"sceneLighting":false,"audioPlay":false,"sceneViewState":{"showFog":false,"showMaterialUpdate":false,"showSkybox":false,"showFlares":false,"showImageEffects":false,"showParticleSystems":false},"in2DMode":false,"pivot":{"x":-5.0935378074646,"y":2.07232928276062,"z":5.194462776184082},"rotation":{"x":0.02748221717774868,"y":0.26373258233070376,"z":0.007530842442065477,"w":-0.9641748666763306},"size":10.433074951171875,"orthographic":false}