{"cameraMode":{"drawMode":0,"name":"Shaded","section":"Shading Mode"},"sceneLighting":false,"audioPlay":false,"sceneViewState":{"showFog":false,"showMaterialUpdate":false,"showSkybox":false,"showFlares":false,"showImageEffects":false,"showParticleSystems":false},"in2DMode":false,"pivot":{"x":17.807205200195314,"y":-1.7022175788879395,"z":5.677116394042969},"rotation":{"x":-0.09789148718118668,"y":-0.41625893115997317,"z":0.04512181133031845,"w":-0.9028343558311462},"size":16.69392204284668,"orthographic":false}