{"cameraMode":{"drawMode":0,"name":"Shaded","section":"Shading Mode"},"sceneLighting":true,"audioPlay":false,"sceneViewState":{"showFog":false,"showMaterialUpdate":false,"showSkybox":false,"showFlares":false,"showImageEffects":false,"showParticleSystems":false},"in2DMode":false,"pivot":{"x":17.57468605041504,"y":0.023218154907226564,"z":-0.8126354217529297},"rotation":{"x":0.009395549073815346,"y":0.8322716951370239,"z":-0.5541136860847473,"w":0.013916938565671444},"size":24.29979705810547,"orthographic":false}