{"cameraMode":{"drawMode":0,"name":"Shaded","section":"Shading Mode"},"sceneLighting":true,"audioPlay":false,"sceneViewState":{"showFog":false,"showMaterialUpdate":false,"showSkybox":false,"showFlares":false,"showImageEffects":false,"showParticleSystems":false},"in2DMode":false,"pivot":{"x":18.684288024902345,"y":1.0533332824707032,"z":16.307586669921876},"rotation":{"x":0.3630603551864624,"y":0.5193250775337219,"z":-0.2585940957069397,"w":0.729121208190918},"size":101.07553100585938,"orthographic":false}