{"cameraMode":{"drawMode":0,"name":"Shaded","section":"Shading Mode"},"sceneLighting":true,"audioPlay":false,"sceneViewState":{"showFog":false,"showMaterialUpdate":false,"showSkybox":false,"showFlares":false,"showImageEffects":false,"showParticleSystems":false},"in2DMode":false,"pivot":{"x":45.01422119140625,"y":13.681243896484375,"z":4.444934844970703},"rotation":{"x":0.504197895526886,"y":0.03366204351186752,"z":-0.019675035029649736,"w":0.8627074956893921},"size":56.36391067504883,"orthographic":false}