{"cameraMode":{"drawMode":0,"name":"Shaded","section":"Shading Mode"},"sceneLighting":false,"audioPlay":false,"sceneViewState":{"showFog":false,"showMaterialUpdate":false,"showSkybox":false,"showFlares":false,"showImageEffects":false,"showParticleSystems":false},"in2DMode":false,"pivot":{"x":-9.868127822875977,"y":-0.5954003930091858,"z":-4.096253395080566},"rotation":{"x":0.35637930035591128,"y":-0.6039597988128662,"z":0.34499576687812807,"w":0.6238624453544617},"size":85.50013732910156,"orthographic":false}