{"cameraMode":{"drawMode":0,"name":"Shaded","section":"Shading Mode"},"sceneLighting":false,"audioPlay":false,"sceneViewState":{"showFog":false,"showMaterialUpdate":false,"showSkybox":false,"showFlares":false,"showImageEffects":false,"showParticleSystems":false},"in2DMode":false,"pivot":{"x":0.18864142894744874,"y":1.8840957880020142,"z":0.3932802081108093},"rotation":{"x":0.0383615642786026,"y":-0.7142506837844849,"z":0.03923117741942406,"w":0.6977359056472778},"size":2.162156581878662,"orthographic":false}