{"cameraMode":{"drawMode":0,"name":"Shaded","section":"Shading Mode"},"sceneLighting":false,"audioPlay":false,"sceneViewState":{"showFog":false,"showMaterialUpdate":false,"showSkybox":false,"showFlares":false,"showImageEffects":false,"showParticleSystems":false},"in2DMode":false,"pivot":{"x":7.875460624694824,"y":7.900480270385742,"z":-9.726936340332032},"rotation":{"x":0.11953863501548767,"y":-0.8695570826530457,"z":0.2570193409919739,"w":0.404378741979599},"size":18.42247200012207,"orthographic":false}