{"cameraMode":{"drawMode":0,"name":"Shaded","section":"Shading Mode"},"sceneLighting":false,"audioPlay":false,"sceneViewState":{"showFog":false,"showMaterialUpdate":false,"showSkybox":false,"showFlares":false,"showImageEffects":false,"showParticleSystems":false},"in2DMode":false,"pivot":{"x":-2.4478354454040529,"y":7.15179967880249,"z":0.8548784255981445},"rotation":{"x":0.004075515083968639,"y":-0.9929348230361939,"z":-0.03576072305440903,"w":-0.11307121068239212},"size":12.268696784973145,"orthographic":false}