{"cameraMode":{"drawMode":0,"name":"Shaded","section":"Shading Mode"},"sceneLighting":false,"audioPlay":false,"sceneViewState":{"showFog":false,"showMaterialUpdate":false,"showSkybox":false,"showFlares":false,"showImageEffects":false,"showParticleSystems":false},"in2DMode":false,"pivot":{"x":7.153804779052734,"y":-3.6183371543884279,"z":15.650161743164063},"rotation":{"x":0.14139743149280549,"y":0.20046459138393403,"z":-0.029253771528601648,"w":0.9690020680427551},"size":31.429866790771486,"orthographic":false}