{"cameraMode":{"drawMode":0,"name":"Shaded","section":"Shading Mode"},"sceneLighting":false,"audioPlay":false,"sceneViewState":{"showFog":false,"showMaterialUpdate":false,"showSkybox":false,"showFlares":false,"showImageEffects":false,"showParticleSystems":false},"in2DMode":false,"pivot":{"x":-5.26531982421875,"y":4.819999694824219,"z":-3.2899999618530275},"rotation":{"x":0.2296767383813858,"y":0.49004927277565,"z":-0.1356251835823059,"w":0.8298831582069397},"size":2.8578836917877199,"orthographic":false}