{"cameraMode":{"drawMode":0,"name":"Shaded","section":"Shading Mode"},"sceneLighting":true,"audioPlay":false,"sceneViewState":{"showFog":false,"showMaterialUpdate":false,"showSkybox":false,"showFlares":false,"showImageEffects":false,"showParticleSystems":false},"in2DMode":false,"pivot":{"x":54.7467041015625,"y":-17.356369018554689,"z":32.856971740722659},"rotation":{"x":-0.18777590990066529,"y":-0.1263141632080078,"z":0.024368900805711747,"w":-0.9737510085105896},"size":100.5068359375,"orthographic":false}