{"cameraMode":{"drawMode":0,"name":"Shaded","section":"Shading Mode"},"sceneLighting":true,"audioPlay":false,"sceneViewState":{"showFog":false,"showMaterialUpdate":false,"showSkybox":false,"showFlares":false,"showImageEffects":false,"showParticleSystems":false},"in2DMode":false,"pivot":{"x":14.340489387512207,"y":-0.16241836547851563,"z":21.868492126464845},"rotation":{"x":0.3630603551864624,"y":0.5193250775337219,"z":-0.2585940957069397,"w":0.729121208190918},"size":18.786306381225587,"orthographic":false}