{"cameraMode":{"drawMode":0,"name":"Shaded","section":"Shading Mode"},"sceneLighting":false,"audioPlay":false,"sceneViewState":{"showFog":false,"showMaterialUpdate":false,"showSkybox":false,"showFlares":false,"showImageEffects":false,"showParticleSystems":false},"in2DMode":false,"pivot":{"x":-2.3772244453430177,"y":0.5949374437332153,"z":3.0767455101013185},"rotation":{"x":-0.4408804476261139,"y":-0.03230015188455582,"z":0.015878545120358468,"w":-0.8968439102172852},"size":8.940196990966797,"orthographic":false}