{"cameraMode":{"drawMode":0,"name":"Shaded","section":"Shading Mode"},"sceneLighting":true,"audioPlay":false,"sceneViewState":{"showFog":false,"showMaterialUpdate":false,"showSkybox":false,"showFlares":false,"showImageEffects":false,"showParticleSystems":false},"in2DMode":false,"pivot":{"x":-10.664253234863282,"y":0.2265615463256836,"z":-8.274368286132813},"rotation":{"x":0.40990322828292849,"y":0.5024844408035278,"z":-0.2929175794124603,"w":0.7026294469833374},"size":14.62789535522461,"orthographic":false}