{"cameraMode":{"drawMode":0,"name":"Shaded","section":"Shading Mode"},"sceneLighting":false,"audioPlay":false,"sceneViewState":{"showFog":false,"showMaterialUpdate":false,"showSkybox":false,"showFlares":false,"showImageEffects":false,"showParticleSystems":false},"in2DMode":false,"pivot":{"x":-1.5631687641143799,"y":1.8406648635864258,"z":-1.5148450136184693},"rotation":{"x":-0.016168365254998208,"y":-0.8418523073196411,"z":0.025264905765652658,"w":-0.5388739109039307},"size":4.592076301574707,"orthographic":false}