{"cameraMode":{"drawMode":0,"name":"Shaded","section":"Shading Mode"},"sceneLighting":false,"audioPlay":false,"sceneViewState":{"showFog":false,"showMaterialUpdate":false,"showSkybox":false,"showFlares":false,"showImageEffects":false,"showParticleSystems":false},"in2DMode":false,"pivot":{"x":-0.7659006118774414,"y":-8.574104309082032,"z":-3.3070313930511476},"rotation":{"x":0.5361400246620178,"y":0.4466550350189209,"z":-0.40463897585868838,"w":0.5910334587097168},"size":94.87882232666016,"orthographic":false}