{"cameraMode":{"drawMode":0,"name":"Shaded","section":"Shading Mode"},"sceneLighting":false,"audioPlay":false,"sceneViewState":{"showFog":false,"showMaterialUpdate":false,"showSkybox":false,"showFlares":false,"showImageEffects":false,"showParticleSystems":false},"in2DMode":false,"pivot":{"x":0.06092435121536255,"y":0.8586598634719849,"z":4.5196638107299809},"rotation":{"x":-0.3235855996608734,"y":0.6671718955039978,"z":-0.40217238664627077,"w":-0.5370581746101379},"size":11.676424026489258,"orthographic":false}