{"cameraMode":{"drawMode":0,"name":"Shaded","section":"Shading Mode"},"sceneLighting":false,"audioPlay":false,"sceneViewState":{"showFog":false,"showMaterialUpdate":false,"showSkybox":false,"showFlares":false,"showImageEffects":false,"showParticleSystems":false},"in2DMode":false,"pivot":{"x":-4.86572265625,"y":1.706107497215271,"z":6.320556640625},"rotation":{"x":0.0006016275146976113,"y":-0.9977228045463562,"z":0.008979740552604199,"w":0.06684553623199463},"size":6.132964134216309,"orthographic":true}