{"cameraMode":{"drawMode":0,"name":"Shaded","section":"Shading Mode"},"sceneLighting":false,"audioPlay":false,"sceneViewState":{"showFog":false,"showMaterialUpdate":false,"showSkybox":false,"showFlares":false,"showImageEffects":false,"showParticleSystems":false},"in2DMode":false,"pivot":{"x":0.024676382541656495,"y":0.8331916928291321,"z":4.8928728103637699},"rotation":{"x":-0.4451693892478943,"y":-0.5476040244102478,"z":0.4378734529018402,"w":-0.5569748878479004},"size":9.047861099243164,"orthographic":false}