{"cameraMode":{"drawMode":0,"name":"Shaded","section":"Shading Mode"},"sceneLighting":false,"audioPlay":false,"sceneViewState":{"showFog":false,"showMaterialUpdate":false,"showSkybox":false,"showFlares":false,"showImageEffects":false,"showParticleSystems":false},"in2DMode":false,"pivot":{"x":8.08081340789795,"y":0.8638379573822022,"z":0.10134303569793701},"rotation":{"x":-0.0038741473108530046,"y":0.7645186185836792,"z":0.004581517074257135,"w":0.6445737481117249},"size":2.6089417934417726,"orthographic":false}