{"cameraMode":{"drawMode":0,"name":"Shaded","section":"Shading Mode"},"sceneLighting":true,"audioPlay":false,"sceneViewState":{"showFog":false,"showMaterialUpdate":false,"showSkybox":false,"showFlares":false,"showImageEffects":false,"showParticleSystems":false},"in2DMode":false,"pivot":{"x":0.4465599060058594,"y":0.9299999475479126,"z":6.005637168884277},"rotation":{"x":-0.009542903862893582,"y":0.9845346808433533,"z":-0.16545702517032624,"w":-0.05678359791636467},"size":2.108097791671753,"orthographic":false}