{"cameraMode":{"drawMode":0,"name":"Shaded","section":"Shading Mode"},"sceneLighting":true,"audioPlay":false,"sceneViewState":{"showFog":false,"showMaterialUpdate":false,"showSkybox":false,"showFlares":false,"showImageEffects":false,"showParticleSystems":false},"in2DMode":false,"pivot":{"x":28.227909088134767,"y":3.537109375,"z":35.587677001953128},"rotation":{"x":-0.7221129536628723,"y":-0.011626416817307473,"z":0.01214755978435278,"w":-0.6915707588195801},"size":86.46405029296875,"orthographic":false}