{"cameraMode":{"drawMode":0,"name":"Shaded","section":"Shading Mode"},"sceneLighting":false,"audioPlay":false,"sceneViewState":{"showFog":false,"showMaterialUpdate":false,"showSkybox":false,"showFlares":false,"showImageEffects":false,"showParticleSystems":false},"in2DMode":false,"pivot":{"x":2.2039947509765627,"y":4.155464172363281,"z":-0.6217422485351563},"rotation":{"x":0.5313993096351624,"y":0.08432645350694657,"z":-0.05326787754893303,"w":0.8412290811538696},"size":81.593994140625,"orthographic":false}