{"cameraMode":{"drawMode":0,"name":"Shaded","section":"Shading Mode"},"sceneLighting":false,"audioPlay":false,"sceneViewState":{"showFog":false,"showMaterialUpdate":false,"showSkybox":false,"showFlares":false,"showImageEffects":false,"showParticleSystems":false},"in2DMode":false,"pivot":{"x":-2.68892765045166,"y":2.959378719329834,"z":-4.980627536773682},"rotation":{"x":0.002942939754575491,"y":0.7109072208404541,"z":-0.7032735347747803,"w":0.0029757078737020494},"size":89.41767883300781,"orthographic":false}