{"cameraMode":{"drawMode":0,"name":"Shaded","section":"Shading Mode"},"sceneLighting":true,"audioPlay":false,"sceneViewState":{"showFog":false,"showMaterialUpdate":false,"showSkybox":false,"showFlares":false,"showImageEffects":false,"showParticleSystems":false},"in2DMode":false,"pivot":{"x":-7.914931774139404,"y":0.6667715311050415,"z":-10.695223808288575},"rotation":{"x":0.06198326498270035,"y":0.7902993559837341,"z":-0.08078351616859436,"w":0.6042012572288513},"size":7.206569671630859,"orthographic":false}