{"cameraMode":{"drawMode":0,"name":"Shaded","section":"Shading Mode"},"sceneLighting":false,"audioPlay":false,"sceneViewState":{"showFog":false,"showMaterialUpdate":false,"showSkybox":false,"showFlares":false,"showImageEffects":false,"showParticleSystems":false},"in2DMode":false,"pivot":{"x":5.969812393188477,"y":-8.105365753173829,"z":12.909421920776368},"rotation":{"x":0.2841658592224121,"y":0.20086392760276795,"z":-0.061015285551548007,"w":0.9355109333992004},"size":20.12027931213379,"orthographic":false}