{"cameraMode":{"drawMode":0,"name":"Shaded","section":"Shading Mode"},"sceneLighting":false,"audioPlay":false,"sceneViewState":{"showFog":false,"showMaterialUpdate":false,"showSkybox":false,"showFlares":false,"showImageEffects":false,"showParticleSystems":false},"in2DMode":false,"pivot":{"x":-0.010987401008605957,"y":1.2776224613189698,"z":-4.274731159210205},"rotation":{"x":-0.3235855996608734,"y":0.6671718955039978,"z":-0.40217238664627077,"w":-0.5370581746101379},"size":10.156091690063477,"orthographic":false}