{"cameraMode":{"drawMode":0,"name":"Shaded","section":"Shading Mode"},"sceneLighting":false,"audioPlay":false,"sceneViewState":{"showFog":false,"showMaterialUpdate":false,"showSkybox":false,"showFlares":false,"showImageEffects":false,"showParticleSystems":false},"in2DMode":false,"pivot":{"x":-1.0700000524520875,"y":0.9299999475479126,"z":6.005637168884277},"rotation":{"x":0.3630603551864624,"y":0.5193250775337219,"z":-0.2585940957069397,"w":0.729121208190918},"size":3.908097505569458,"orthographic":false}