{"cameraMode":{"drawMode":0,"name":"Shaded","section":"Shading Mode"},"sceneLighting":false,"audioPlay":false,"sceneViewState":{"showFog":false,"showMaterialUpdate":false,"showSkybox":false,"showFlares":false,"showImageEffects":false,"showParticleSystems":false},"in2DMode":false,"pivot":{"x":-14.42601203918457,"y":0.8669281005859375,"z":-8.41709041595459},"rotation":{"x":0.21830491721630097,"y":-0.4255848824977875,"z":0.1065988764166832,"w":0.8716979026794434},"size":20.238563537597658,"orthographic":false}