{"cameraMode":{"drawMode":0,"name":"Shaded","section":"Shading Mode"},"sceneLighting":false,"audioPlay":false,"sceneViewState":{"showFog":false,"showMaterialUpdate":false,"showSkybox":false,"showFlares":false,"showImageEffects":false,"showParticleSystems":false},"in2DMode":false,"pivot":{"x":-15.414615631103516,"y":-0.09171295166015625,"z":-34.223026275634769},"rotation":{"x":0.027660368010401727,"y":0.7746874094009399,"z":-0.6308268308639526,"w":0.03394055366516113},"size":11.005874633789063,"orthographic":false}