{"cameraMode":{"drawMode":0,"name":"Shaded","section":"Shading Mode"},"sceneLighting":true,"audioPlay":false,"sceneViewState":{"showFog":false,"showMaterialUpdate":false,"showSkybox":false,"showFlares":false,"showImageEffects":false,"showParticleSystems":false},"in2DMode":false,"pivot":{"x":47.562110900878909,"y":3.3614883422851564,"z":6.023506164550781},"rotation":{"x":0.3185141682624817,"y":-0.08430247753858566,"z":0.02845223993062973,"w":0.9437332153320313},"size":40.56614303588867,"orthographic":false}