{"cameraMode":{"drawMode":0,"name":"Shaded","section":"Shading Mode"},"sceneLighting":false,"audioPlay":false,"sceneViewState":{"showFog":false,"showMaterialUpdate":false,"showSkybox":false,"showFlares":false,"showImageEffects":false,"showParticleSystems":false},"in2DMode":false,"pivot":{"x":4.650578498840332,"y":1.1444424390792847,"z":-0.06503957509994507},"rotation":{"x":-0.3235855996608734,"y":0.6671718955039978,"z":-0.40217238664627077,"w":-0.5370581746101379},"size":11.277194023132325,"orthographic":false}