{"cameraMode":{"drawMode":0,"name":"Shaded","section":"Shading Mode"},"sceneLighting":false,"audioPlay":false,"sceneViewState":{"showFog":false,"showMaterialUpdate":false,"showSkybox":false,"showFlares":false,"showImageEffects":false,"showParticleSystems":false},"in2DMode":false,"pivot":{"x":0.47177550196647646,"y":1.4416790008544922,"z":0.25189679861068728},"rotation":{"x":0.011160825379192829,"y":0.9847370386123657,"z":-0.15942110121250153,"w":0.0689443051815033},"size":2.1417505741119386,"orthographic":false}