{"cameraMode":{"drawMode":0,"name":"Shaded","section":"Shading Mode"},"sceneLighting":false,"audioPlay":false,"sceneViewState":{"showFog":false,"showMaterialUpdate":false,"showSkybox":false,"showFlares":false,"showImageEffects":false,"showParticleSystems":false},"in2DMode":false,"pivot":{"x":2.1539454460144045,"y":0.9300001859664917,"z":0.31848955154418948},"rotation":{"x":0.3630603551864624,"y":0.5193250775337219,"z":-0.2585940957069397,"w":0.729121208190918},"size":3.908097505569458,"orthographic":false}