{"cameraMode":{"drawMode":0,"name":"Shaded","section":"Shading Mode"},"sceneLighting":false,"audioPlay":false,"sceneViewState":{"showFog":false,"showMaterialUpdate":false,"showSkybox":false,"showFlares":false,"showImageEffects":false,"showParticleSystems":false},"in2DMode":false,"pivot":{"x":-0.48863524198532107,"y":1.051947832107544,"z":-1.2783596515655518},"rotation":{"x":-0.07504051923751831,"y":0.6554180383682251,"z":-0.0656920000910759,"w":-0.7486526370048523},"size":8.098764419555664,"orthographic":false}