{"cameraMode":{"drawMode":0,"name":"Shaded","section":"Shading Mode"},"sceneLighting":false,"audioPlay":false,"sceneViewState":{"showFog":false,"showMaterialUpdate":false,"showSkybox":false,"showFlares":false,"showImageEffects":false,"showParticleSystems":false},"in2DMode":false,"pivot":{"x":-1.4306483268737794,"y":2.066195487976074,"z":0.6354796886444092},"rotation":{"x":-0.3235855996608734,"y":0.6671718955039978,"z":-0.40217238664627077,"w":-0.5370581746101379},"size":10.169977188110352,"orthographic":false}