{"cameraMode":{"drawMode":0,"name":"Shaded","section":"Shading Mode"},"sceneLighting":false,"audioPlay":false,"sceneViewState":{"showFog":false,"showMaterialUpdate":false,"showSkybox":false,"showFlares":false,"showImageEffects":false,"showParticleSystems":false},"in2DMode":false,"pivot":{"x":-1.0700000524520875,"y":0.9299999475479126,"z":6.005637168884277},"rotation":{"x":0.07396925985813141,"y":-0.7398519515991211,"z":0.08245670795440674,"w":0.6635876893997192},"size":3.908097505569458,"orthographic":false}