{"cameraMode":{"drawMode":0,"name":"Shaded","section":"Shading Mode"},"sceneLighting":false,"audioPlay":false,"sceneViewState":{"showFog":false,"showMaterialUpdate":false,"showSkybox":false,"showFlares":false,"showImageEffects":false,"showParticleSystems":false},"in2DMode":false,"pivot":{"x":4.76837158203125e-7,"y":1.5261645317077637,"z":-20.464813232421876},"rotation":{"x":-0.3163825273513794,"y":0.6500544548034668,"z":-0.3429007828235626,"w":-0.599791944026947},"size":16.952590942382814,"orthographic":false}