{"cameraMode":{"drawMode":0,"name":"Shaded","section":"Shading Mode"},"sceneLighting":false,"audioPlay":false,"sceneViewState":{"showFog":false,"showMaterialUpdate":false,"showSkybox":false,"showFlares":false,"showImageEffects":false,"showParticleSystems":false},"in2DMode":false,"pivot":{"x":0.08604341745376587,"y":1.120500922203064,"z":-0.03520798683166504},"rotation":{"x":-0.3235855996608734,"y":0.6671718955039978,"z":-0.40217238664627077,"w":-0.5370581746101379},"size":9.458473205566407,"orthographic":false}