{"cameraMode":{"drawMode":0,"name":"Shaded","section":"Shading Mode"},"sceneLighting":false,"audioPlay":false,"sceneViewState":{"showFog":false,"showMaterialUpdate":false,"showSkybox":false,"showFlares":false,"showImageEffects":false,"showParticleSystems":false},"in2DMode":false,"pivot":{"x":-17.95890998840332,"y":3.4967589378356935,"z":-14.528818130493164},"rotation":{"x":-0.11643651872873306,"y":0.22894562780857087,"z":-0.02781682461500168,"w":-0.9660500884056091},"size":25.562410354614259,"orthographic":false}