{"cameraMode":{"drawMode":0,"name":"Shaded","section":"Shading Mode"},"sceneLighting":false,"audioPlay":false,"sceneViewState":{"showFog":false,"showMaterialUpdate":false,"showSkybox":false,"showFlares":false,"showImageEffects":false,"showParticleSystems":false},"in2DMode":false,"pivot":{"x":3.2011795043945314,"y":-33.361045837402347,"z":24.492937088012697},"rotation":{"x":0.6789960265159607,"y":-0.002203465672209859,"z":0.002034279750660062,"w":0.7341358661651611},"size":162.5287322998047,"orthographic":false}