{"cameraMode":{"drawMode":0,"name":"Shaded","section":"Shading Mode"},"sceneLighting":false,"audioPlay":false,"sceneViewState":{"showFog":false,"showMaterialUpdate":false,"showSkybox":false,"showFlares":false,"showImageEffects":false,"showParticleSystems":false},"in2DMode":false,"pivot":{"x":7.729826927185059,"y":0.9711385369300842,"z":0.2367621660232544},"rotation":{"x":0.07396925985813141,"y":-0.7398519515991211,"z":0.08245670795440674,"w":0.6635876893997192},"size":5.048404693603516,"orthographic":false}