{"cameraMode":{"drawMode":0,"name":"Shaded","section":"Shading Mode"},"sceneLighting":true,"audioPlay":false,"sceneViewState":{"showFog":false,"showMaterialUpdate":false,"showSkybox":false,"showFlares":false,"showImageEffects":false,"showParticleSystems":false},"in2DMode":false,"pivot":{"x":33.10840606689453,"y":-2.867785930633545,"z":1.7469373941421509},"rotation":{"x":-0.024019822478294374,"y":0.8532301783561707,"z":-0.5194854140281677,"w":-0.03945058211684227},"size":13.569382667541504,"orthographic":false}