{"cameraMode":{"drawMode":0,"name":"Shaded","section":"Shading Mode"},"sceneLighting":false,"audioPlay":false,"sceneViewState":{"showFog":false,"showMaterialUpdate":false,"showSkybox":false,"showFlares":false,"showImageEffects":false,"showParticleSystems":false},"in2DMode":false,"pivot":{"x":14.223363876342774,"y":-0.4225565195083618,"z":-2.3150908946990969},"rotation":{"x":0.18614046275615693,"y":-0.7627865672111511,"z":0.2505095303058624,"w":0.566351056098938},"size":14.889751434326172,"orthographic":false}