{"cameraMode":{"drawMode":0,"name":"Shaded","section":"Shading Mode"},"sceneLighting":true,"audioPlay":false,"sceneViewState":{"showFog":false,"showMaterialUpdate":false,"showSkybox":false,"showFlares":false,"showImageEffects":false,"showParticleSystems":false},"in2DMode":false,"pivot":{"x":3.9572086334228517,"y":4.45449161529541,"z":22.597929000854493},"rotation":{"x":-0.08476218581199646,"y":-0.5849396586418152,"z":0.06164474040269852,"w":-0.8042766451835632},"size":7.76099967956543,"orthographic":false}