{"cameraMode":{"drawMode":0,"name":"Shaded","section":"Shading Mode"},"sceneLighting":true,"audioPlay":false,"sceneViewState":{"showFog":false,"showMaterialUpdate":false,"showSkybox":false,"showFlares":false,"showImageEffects":false,"showParticleSystems":false},"in2DMode":false,"pivot":{"x":-9.67538833618164,"y":1.3134069442749024,"z":-8.692458152770996},"rotation":{"x":0.28687748312950137,"y":0.5820777416229248,"z":-0.22995856404304505,"w":0.7252627015113831},"size":11.02200698852539,"orthographic":false}